Workbook

Sheet Guia
A1: MEMORIA REPRODUCIBLE — BOOSTER OPP
A2: RT-03 | Booster OPP C-18 a C-04 | cálculo del Anexo 2; no certificación del kit
A3: Ítem | B3: Contenido | C3: Alcance
A4: Uso | B4: Entradas → fórmulas por componente → Resultados | C4: Las celdas de resultados del libro se recalculan al abrir.
A5: Fuente | B5: Anexo 2 proporcionado, pp.5–12 | C5: Valores de eucalipto y suelo por indicación expresa del solicitante.
A6: Modelo | B6: Energía–fuerza lineal; reparto del Anexo | C6: Tres postes, δ global 1,50 m, membrana δm=0,50 m.
A7: Entradas | B7: Azul; valores literales del documento | C7: No son mediciones nuevas de Booster OPP.
A8: Fórmulas | B8: Negro; fórmulas Excel | C8: No habilitan por sí mismas ocupación bajo los frentes.
A9: Resultados | B9: Valores numéricos calculados independientemente | C9: Sirven para leer sin motor Excel y contrastar el informe.
A10: Límites | B10: Malla nominal y valores de material de D2 | C10: No ensayos dinámicos ni aceptación de producto o terreno local.
A11: Cajones | B11: Madera/geotextil: funciones y ruta de carga en informe | C11: No se calcula un tonelaje con geometrías inexistentes en los documentos.
A12: Terminales | B12: Eficiencias mínimas calculadas, no resistencias medidas | C12: No atribuir eficiencia 100 % a grapas o amarres.

Sheet Entradas
A1: DATOS DEL ANEXO 2 — EUCALIPTO Y SUELO
A2: RT-03 | Booster OPP C-18 a C-04 | cálculo del Anexo 2; no certificación del kit
A3: Parámetro | B3: Valor | C3: Unidad | D3: Fuente / naturaleza del valor
A4: m | B4: 1020 | C4: kg | D4: §4.1 p.5
A5: D | B5: 0.914 | C5: m | D5: §4.1 p.5
A6: Ek1 | B6: 9.2 | C6: kJ | D6: §4.2 p.5
A7: Ek2 | B7: 12.8 | C7: kJ | D7: §4.2 p.5
A8: FSenergia | B8: 1.3 | C8: — | D8: §6.1 p.7
A9: delta | B9: 1.5 | C9: m | D9: §6.3 p.7
A10: deltam | B10: 0.5 | C10: m | D10: §7.12 pp.9–10
A11: a | B11: 2.5 | C11: m | D11: §7.12 semiluz del modelo
A12: b | B12: 1 | C12: m | D12: §7.12 ancho equivalente del modelo
A13: capas | B13: 2 | C13: — | D13: §5.2
A14: dw | B14: 2.77 | C14: mm | D14: §5.2
A15: fu | B15: 539.4 | C15: MPa | D15: §7.12
... A54: borde_libre | B54: 0.3 | C54: m | D54: §7.2

Sheet Energia
A1: BLOQUE, ENERGÍA, FUERZA E INTERCEPTACIÓN
A2: RT-03 | Booster OPP C-18 a C-04 | cálculo del Anexo 2; no certificación del kit
A3: Magnitud | B3: Fórmula / resultado | C3: Unidad | D3: Lectura técnica
A4: Ed S1 | B4: =Entradas!$B$6*Entradas!$B$8 | C4: kJ | D4: Demanda documental
A5: Ed S2 | B5: =Entradas!$B$7*Entradas!$B$8 | C5: kJ | D5: Envolvente documental
A6: F S1 | B6: =2*B4/Entradas!$B$9 | C6: kN | D6: Pico lineal
A7: F S2 | B7: =2*B5/Entradas!$B$9 | C7: kN | D7: Pico lineal
A8: Volumen bloque | B8: =PI()*Entradas!$B$5^3/6 | C8: m³ | D8: Esfera equivalente
A9: Densidad bloque | B9: =Entradas!$B$4/B8 | C9: kg/m³ | D9: Consistencia geométrica
A10: H requerida | B10: =Entradas!$B$24+Entradas!$B$5+Entradas!$B$54 | C10: m | D10: Convención del Anexo
A11: Fmedia S2 | B11: =B5/Entradas!$B$9 | C11: kN | D11: No sustituye el pico

Sheet Malla
A1: DOBLE MALLA — COMPROBACIÓN NOMINAL DEL ANEXO
A2: RT-03 | Booster OPP C-18 a C-04 | cálculo del Anexo 2; no certificación del kit
A3: Magnitud | B3: Fórmula / resultado | C3: Unidad | D3: Lectura técnica
A4: theta | B4: =ATAN(Entradas!$B$10/Entradas!$B$11) | C4: rad | D4: Ángulo de membrana
A5: Aw | B5: =PI()*Entradas!$B$14^2/4 | C5: mm² | D5: Área de alambre
A6: Tw | B6: =B5*Entradas!$B$15/1000 | C6: kN | D6: Rotura ideal de alambre
A7: nw | B7: =Entradas!$B$13*Entradas!$B$12/Entradas!$B$16 | C7: — | D7: Ramas equivalentes, no conteo físico
A8: Rm | B8: =B6*B7*Entradas!$B$17 | C8: kN | D8: Resistencia nominal reducida
A9: T S1 | B9: =Energia!B6/(2*SIN(B4)) | C9: kN | D9: Tracción por lado
A10: T S2 | B10: =Energia!B7/(2*SIN(B4)) | C10: kN | D10: Tracción por lado
A11: RU S1 | B11: =B9/B8 | C11: — | D11: Comparación nominal
A12: RU S2 | B12: =B10/B8 | C12: — | D12: No certifica energía absorbible
A13: b mínimo | B13: =B10/B8*Entradas!$B$12 | C13: m | D13: Mismo mecanismo documental
A14: eta mínimo | B14: =B10/(B6*B7) | C14: — | D14: Mismo ancho equivalente
A15: RU una capa | B15: =B12*Entradas!$B$13 | C15: — | D15: Sensibilidad de capas
A16: T un solo paño | B16: =Energia!B7/(2*SIN(ATAN(Entradas!$B$10/(Entradas!$B$52/2)))) | C16: kN | D16: Mecanismo geométrico distinto
A17: varepsilon geom | B17: =SQRT(Entradas!$B$11^2+Entradas!$B$10^2)/Entradas!$B$11-1 | C17: — | D17: No es deformación admisible de material

Sheet Postes
A1: POSTES DE EUCALIPTO — CASOS V Y A
A2: RT-03 | Booster OPP C-18 a C-04 | cálculo del Anexo 2; no certificación del kit
A3: Magnitud | B3: Fórmula / resultado | C3: Unidad | D3: Lectura técnica
A4: A | B4: =PI()*Entradas!$B$18^2/4 | C4: m² | D4: Sección circular
A5: I | B5: =PI()*Entradas!$B$18^4/64 | C5: m⁴ | D5: Inercia
A6: Z | B6: =PI()*Entradas!$B$18^3/32 | C6: m³ | D6: Módulo resistente
A7: Fp S1 | B7: =Energia!B6/Entradas!$B$20 | C7: kN | D7: Reparto del Anexo
A8: Fp S2 | B8: =Energia!B7/Entradas!$B$20 | C8: kN | D8: Reparto del Anexo
A9: Mv S1 | B9: =B7*Entradas!$B$19 | C9: kN·m | D9: Caso V: voladizo
A10: Mv S2 | B10: =B8*Entradas!$B$19 | C10: kN·m | D10: Caso V
A11: sigma S1 | B11: =B9/B6/1000 | C11: MPa | D11: Caso V
A12: sigma S2 | B12: =B10/B6/1000 | C12: MPa | D12: Caso V
A13: RU flex S1 | B13: =B11/Entradas!$B$21 | C13: — | D13: Contra fb del Anexo
A14: RU flex S2 | B14: =B12/Entradas!$B$21 | C14: — | D14: Contra fb del Anexo
A15: tau S1 | B15: =4*B7/(3*B4)/1000 | C15: MPa | D15: Cortante
A16: tau S2 | B16: =4*B8/(3*B4)/1000 | C16: MPa | D16: Cortante
A17: RU corte S1 | B17: =B15/Entradas!$B$22 | C17: — | D17: Contra fv del Anexo
A18: RU corte S2 | B18: =B16/Entradas!$B$22 | C18: — | D18: Contra fv del Anexo
A19: Delta S1 | B19: =B7*Entradas!$B$19^3/(3*Entradas!$B$23*1000*B5) | C19: m | D19: Elasticidad del eucalipto, caso V
A20: Delta S2 | B20: =B8*Entradas!$B$19^3/(3*Entradas!$B$23*1000*B5) | C20: m | D20: No es el recorrido global de la barrera
A21: Mcap | B21: =B6*Entradas!$B$21*1000 | C21: kN·m | D21: Valor de comparación
A22: delta min S1 | B22: =2*Energia!B4*Entradas!$B$19/(Entradas!$B$20*B21) | C22: m | D22: Por flexión en modelo
A23: delta min S2 | B23: =2*Energia!B5*Entradas!$B$19/(Entradas!$B$20*B21) | C23: m | D23: No prueba recorrido disponible
A24: hi | B24: =Entradas!$B$24+Entradas!$B$5/2 | C24: m | D24: Centro de impacto del Anexo
A25: Rbase S1 | B25: =B7*(Entradas!$B$19-B24)/Entradas!$B$19 | C25: kN | D25: Caso A: apoyo de cabeza
A26: Rbase S2 | B26: =B8*(Entradas!$B$19-B24)/Entradas!$B$19 | C26: kN | D26: Caso A
A27: Ma S1 | B27: =B7*B24*(Entradas!$B$19-B24)/Entradas!$B$19 | C27: kN·m | D27: Caso A
A28: Ma S2 | B28: =B8*B24*(Entradas!$B$19-B24)/Entradas!$B$19 | C28: kN·m | D28: Caso A
A29: RU flex A S1 | B29: =B27/B6/1000/Entradas!$B$21 | C29: — | D29: Con retenida efectiva
A30: RU flex A S2 | B30: =B28/B6/1000/Entradas!$B$21 | C30: — | D30: Con retenida efectiva
A31: U postes S2 | B31: =Entradas!$B$20*0.5*B8*B20 | C31: kJ | D31: Aporte elástico en caso V

Sheet Cables
A1: PERIMETRALES, TERMINALES Y DIAGONALES
A2: RT-03 | Booster OPP C-18 a C-04 | cálculo del Anexo 2; no certificación del kit
A3: Magnitud | B3: Fórmula / resultado | C3: Unidad | D3: Lectura técnica
A4: Tc S1 | B4: =Malla!B9/2 | C4: kN | D4: Reparto igual entre dos cables
A5: Tc S2 | B5: =Malla!B10/2 | C5: kN | D5: Reparto igual
A6: FS S1 | B6: =Entradas!$B$33/B4 | C6: — | D6: Rotura nominal, sin reducción terminal
A7: FS S2 | B7: =Entradas!$B$33/B5 | C7: — | D7: Rotura nominal, sin reducción terminal
A8: eta terminal S1 | B8: =Entradas!$B$36*B4/Entradas!$B$33 | C8: — | D8: Eficiencia mínima
A9: eta terminal S2 | B9: =Entradas!$B$36*B5/Entradas!$B$33 | C9: — | D9: Eficiencia mínima
A10: diagonal | B10: =SQRT(Entradas!$B$52^2+Entradas!$B$19^2) | C10: m | D10: Geometría en plano
A11: dos diagonales | B11: =2*B10 | C11: m | D11: No calcula fuerza normal al paño
A12: FS cable único | B12: =Entradas!$B$33/Malla!B10 | C12: — | D12: Sensibilidad de reparto
A13: amarre tributario | B13: =B5*Entradas!$B$42/Entradas!$B$12 | C13: kN | D13: Distribución uniforme documental; no resistencia

Sheet Retenidas
A1: RETENIDA A 45 GRADOS — ENVOLVENTE DE CABEZA
A2: RT-03 | Booster OPP C-18 a C-04 | cálculo del Anexo 2; no certificación del kit
A3: Magnitud | B3: Fórmula / resultado | C3: Unidad | D3: Lectura técnica
A4: Tr S1 | B4: =Postes!B7/COS(RADIANS(Entradas!$B$35)) | C4: kN | D4: Envolvente del Anexo
A5: Tr S2 | B5: =Postes!B8/COS(RADIANS(Entradas!$B$35)) | C5: kN | D5: Envolvente del Anexo
A6: FS S1 | B6: =Entradas!$B$34/B4 | C6: — | D6: Antes de reducción terminal
A7: FS S2 | B7: =Entradas!$B$34/B5 | C7: — | D7: Antes de reducción terminal
A8: eta terminal S2 | B8: =Entradas!$B$37*B5/Entradas!$B$34 | C8: — | D8: Eficiencia mínima
A9: Tr un poste | B9: =Energia!B7/COS(RADIANS(Entradas!$B$35)) | C9: kN | D9: Sensibilidad de reparto
A10: rotura req un poste | B10: =B9*Entradas!$B$37 | C10: kN | D10: No seleccionar diámetro solo por nominal
A11: Ag varilla | B11: =PI()*Entradas!$B$53^2/4 | C11: mm² | D11: Área bruta, no neta roscada
A12: sigma bruta varilla | B12: =B5*1000/B11 | C12: MPa | D12: No incluye ojal ni flexión

Sheet Muerto
A1: MUERTO DE RETENIDA — PESO, PASIVO Y FRICCIÓN
A2: RT-03 | Booster OPP C-18 a C-04 | cálculo del Anexo 2; no certificación del kit
A3: Magnitud | B3: Fórmula / resultado | C3: Unidad | D3: Lectura técnica
A4: delta friccion | B4: =2*Entradas!$B$26/3 | C4: ° | D4: Convención de D2
A5: mu | B5: =TAN(RADIANS(B4)) | C5: — | D5: Coeficiente de interfaz
A6: Pp | B6: =0.5*Entradas!$B$25*Entradas!$B$27*((Entradas!$B$46+Entradas!$B$45)^2-Entradas!$B$46^2)*Entradas!$B$43 | C6: kN | D6: Modelo pasivo del Anexo
A7: Wc | B7: =Entradas!$B$43*Entradas!$B$44*Entradas!$B$45*Entradas!$B$28 | C7: kN | D7: Peso concreto
A8: Ws | B8: =Entradas!$B$43*Entradas!$B$44*Entradas!$B$46*Entradas!$B$25 | C8: kN | D8: Peso sobrecarga
A9: W | B9: =B7+B8 | C9: kN | D9: Peso total
A10: FSv S1 | B10: =B9/Postes!B7 | C10: — | D10: Comparación vertical
A11: FSv S2 | B11: =B9/Postes!B8 | C11: — | D11: Comparación vertical
A12: FSh S1 | B12: =(B6+B5*MAX(0,B9-Postes!B7))/Postes!B7 | C12: — | D12: Solo junto con verificación vertical
A13: FSh S2 | B13: =(B6+B5*MAX(0,B9-Postes!B8))/Postes!B8 | C13: — | D13: No aceptar si falla levantamiento
A14: FSv un poste | B14: =B9/Energia!B7 | C14: — | D14: Levantamiento falla en caso envolvente

Sheet Empotramiento
A1: EXPRESIÓN LATERAL SIMPLIFICADA DEL ANEXO
A2: RT-03 | Booster OPP C-18 a C-04 | cálculo del Anexo 2; no certificación del kit
A3: Magnitud | B3: Fórmula / resultado | C3: Unidad | D3: Lectura técnica
A4: Hu | B4: =0.5*Entradas!$B$25*Entradas!$B$29*Entradas!$B$27*Entradas!$B$30^2 | C4: kN | D4: No incorpora rotación, borde o rigidez
A5: Rbase S1 | B5: =Postes!B25 | C5: kN | D5: Caso A
A6: Rbase S2 | B6: =Postes!B26 | C6: kN | D6: Caso A
A7: FS S1 | B7: =B4/B5 | C7: — | D7: Modelo documental
A8: FS S2 | B8: =B4/B6 | C8: — | D8: Modelo documental
A9: Lmin 3 postes | B9: =SQRT(2*Entradas!$B$38*B6/(Entradas!$B$25*Entradas!$B$29*Entradas!$B$27)) | C9: m | D9: Resultado matemático; no dimensión de obra
A10: Lmin un poste | B10: =SQRT(2*Entradas!$B$38*B6*Entradas!$B$20/(Entradas!$B$25*Entradas!$B$29*Entradas!$B$27)) | C10: m | D10: Misma altura hi
A11: Lmin carga baja | B11: =SQRT(2*Entradas!$B$38*Energia!B7/(Entradas!$B$25*Entradas!$B$29*Entradas!$B$27)) | C11: m | D11: Envolvente Rbase=Fpico
A12: Hu L0.40 | B12: =0.5*Entradas!$B$25*Entradas!$B$29*Entradas!$B$27*0.4^2 | C12: kN | D12: 40 cm del borrador
A13: FS L0.40 | B13: =B12/B6 | C13: — | D13: Demuestra falta de soporte en comparación

Sheet Extremos
A1: ANCLAJES EXTREMOS DE PERIMETRALES
A2: RT-03 | Booster OPP C-18 a C-04 | cálculo del Anexo 2; no certificación del kit
A3: Magnitud | B3: Fórmula / resultado | C3: Unidad | D3: Lectura técnica
A4: W | B4: =Entradas!$B$47*Entradas!$B$48*(Entradas!$B$49*Entradas!$B$28+Entradas!$B$50*Entradas!$B$25) | C4: kN | D4: Bloque + sobrecarga
A5: Pp | B5: =0.5*Entradas!$B$25*Entradas!$B$27*((Entradas!$B$50+Entradas!$B$49)^2-Entradas!$B$50^2)*Entradas!$B$47 | C5: kN | D5: Pasivo del Anexo
A6: Fr | B6: =B4*Muerto!B5 | C6: kN | D6: Fricción de base
A7: Rh | B7: =B5+B6 | C7: kN | D7: Resistencia de comparación
A8: H S1 | B8: =Malla!B9 | C8: kN | D8: Dos perimetrales, misma dirección
A9: H S2 | B9: =Malla!B10 | C9: kN | D9: Dos perimetrales
A10: FS S1 | B10: =B7/B8 | C10: — | D10: No incluye fuerzas de esquina
A11: FS S2 | B11: =B7/B9 | C11: — | D11: No incluye varias direcciones

Sheet Presion
A1: PRESIÓN DE APOYO — COMPARACIÓN DEL ANEXO
A2: RT-03 | Booster OPP C-18 a C-04 | cálculo del Anexo 2; no certificación del kit
A3: Magnitud | B3: Fórmula / resultado | C3: Unidad | D3: Lectura técnica
A4: Ad | B4: =PI()*Entradas!$B$29^2/4 | C4: m² | D4: Base circular
A5: Wd bruto | B5: =B4*Entradas!$B$30*Entradas!$B$28 | C5: kN | D5: Cilindro completo
A6: N S1 | B6: =Postes!B7+B5+Entradas!$B$31 | C6: kN | D6: Envolvente vertical retenida
A7: N S2 | B7: =Postes!B8+B5+Entradas!$B$31 | C7: kN | D7: Envolvente vertical retenida
A8: q S1 | B8: =B6/B4 | C8: kPa | D8: Presión media
A9: q S2 | B9: =B7/B4 | C9: kPa | D9: Presión media
A10: RU S1 | B10: =B8/Entradas!$B$32 | C10: — | D10: No acredita qadm local
A11: RU S2 | B11: =B9/Entradas!$B$32 | C11: — | D11: No acredita qadm local
A12: V madera embebida | B12: =Postes!B4*Entradas!$B$30 | C12: m³ | D12: Volumen que ocupa el poste
A13: q neta S1 | B13: =(B6-B12*Entradas!$B$28)/B4 | C13: kPa | D13: Corrección de doble conteo del volumen
A14: q neta S2 | B14: =(B7-B12*Entradas!$B$28)/B4 | C14: kPa | D14: Con peso de poste del Anexo

Sheet Metrado
A1: MÓDULO DOCUMENTAL 50 m — NO METRADO REAL OPP
A2: RT-03 | Booster OPP C-18 a C-04 | cálculo del Anexo 2; no certificación del kit
A3: Magnitud | B3: Fórmula / resultado | C3: Unidad | D3: Lectura técnica
A4: paños | B4: =ROUNDUP(Entradas!$B$51/Entradas!$B$52,0) | C4: ud | D4: Longitud documental
A5: postes | B5: =B4+1 | C5: ud | D5: Tramo abierto recto
A6: doble malla | B6: =Entradas!$B$13*Entradas!$B$19*Entradas!$B$51 | C6: m² | D6: Sin traslapos
A7: perimetrales | B7: =2*Entradas!$B$51 | C7: m | D7: Sin terminales
A8: diagonales | B8: =2*B4*SQRT((Entradas!$B$51/B4)^2+Entradas!$B$19^2) | C8: m | D8: Sin terminales
A9: dados bruto | B9: =B5*PI()*Entradas!$B$29^2/4*Entradas!$B$30 | C9: m³ | D9: Sin descontar madera
A10: muertos retenidas | B10: =B5*Entradas!$B$43*Entradas!$B$44*Entradas!$B$45 | C10: m³ | D10: Geometría del Anexo
A11: muertos extremos | B11: =2*Entradas!$B$47*Entradas!$B$48*Entradas!$B$49 | C11: m³ | D11: Dos por tramo recto

Sheet Resultados
A1: RESULTADOS NUMÉRICOS CONTRASTADOS CON EL INFORME
A2: RT-03 | Booster OPP C-18 a C-04 | cálculo del Anexo 2; no certificación del kit
A3: Magnitud | B3: Valor independiente | C3: Unidad / alcance
A4: Ed_S1_kJ | B4: 11.96 | C4: Resultado del modelo de D2
A5: Ed_S2_kJ | B5: 16.64 | C5: Resultado del modelo de D2
A6: F_S1_kN | B6: 15.946667 | C6: Resultado del modelo de D2
A7: F_S2_kN | B7: 22.186667 | C7: Resultado del modelo de D2
A8: T_S2_kN | B8: 56.565123 | C8: Resultado del modelo de D2
A9: R_malla_kN | B9: 63.987722 | C9: Resultado del modelo de D2
A10: RU_malla_S2 | B10: 0.88399964 | C10: Resultado del modelo de D2
A11: Tc_S2_kN | B11: 28.282562 | C11: Resultado del modelo de D2
A12: FS_perimetral_nominal | B12: 3.1821729 | C12: Resultado del modelo de D2
A13: Tr_S2_kN | B13: 10.458895 | C13: Resultado del modelo de D2
A14: FS_retenida_nominal | B14: 5.1630693 | C14: Resultado del modelo de D2
A15: FS_muerto_vertical_S2 | B15: 2.0444712 | C15: Resultado del modelo de D2
... A26: Lmin_carga_baja_m | B26: 1.4760016 | C26: Resultado del modelo de D2
